model_a,model_b,lead_time_h,metric,wilcoxon_statistic,p_value,significant_0.05,median_a,median_b,median_difference_a_minus_b
CNN 1V,U-Net 1V,12,RMSE,5948642.0,0.0,True,0.11289307778061274,0.1039823100116836,0.008910767768929129
CNN 1V,U-Net 1V,12,MAE,6088815.0,0.0,True,0.059123788417668244,0.051199289843991094,0.00792449857367715
CNN 1V,U-Net 1V,18,RMSE,6608493.0,0.0,True,0.11238277528920251,0.10936326565394866,0.003019509635253853
CNN 1V,U-Net 1V,18,MAE,6450005.0,0.0,True,0.059670588097676204,0.053431931055003545,0.006238657042672659
CNN 1V,U-Net 1V,24,RMSE,8106082.0,0.0,True,0.1098254598486685,0.11365233796617419,-0.0038268781175056915
CNN 1V,U-Net 1V,24,MAE,7589230.0,0.0,True,0.05892404820123999,0.05518050529181172,0.0037435429094282713
CNN 1V,U-Net 1V,30,RMSE,10069885.0,0.0,True,0.10839794362510058,0.11678180936959778,-0.008383865744497204
CNN 1V,U-Net 1V,30,MAE,9102233.0,0.0,True,0.058415497328022654,0.05788156311962844,0.0005339342083942114
CNN 1V,U-Net 1V,36,RMSE,11666773.0,9.936833801960874e-211,True,0.10609614414279432,0.11834198691615216,-0.012245842773357843
CNN 1V,U-Net 1V,36,MAE,10258567.0,1.586221498026839e-299,True,0.057784127881272074,0.05808779418343712,-0.00030366630216504403
CNN 1V,U-Net 5V,12,RMSE,4924940.0,0.0,True,0.11289307778061274,0.09484746664541238,0.018045611135200354
CNN 1V,U-Net 5V,12,MAE,5600338.0,0.0,True,0.059123788417668244,0.04626873196175609,0.012855056455912152
CNN 1V,U-Net 5V,18,RMSE,5110139.0,0.0,True,0.11238277528920251,0.09894194809638363,0.013440827192818888
CNN 1V,U-Net 5V,18,MAE,5471011.0,0.0,True,0.059670588097676204,0.04785349607188731,0.011817092025788893
CNN 1V,U-Net 5V,24,RMSE,6298809.0,0.0,True,0.1098254598486685,0.10507777420981781,0.004747685638850682
CNN 1V,U-Net 5V,24,MAE,6228706.0,0.0,True,0.05892404820123999,0.05041442155328209,0.008509626647957902
CNN 1V,U-Net 5V,30,RMSE,7646050.0,0.0,True,0.10839794362510058,0.11179452604143204,-0.0033965824163314645
CNN 1V,U-Net 5V,30,MAE,7131385.0,0.0,True,0.058415497328022654,0.05284566621183631,0.005569831116186343
CNN 1V,U-Net 5V,36,RMSE,9346504.0,0.0,True,0.10609614414279432,0.11658280174205207,-0.010486657599257751
CNN 1V,U-Net 5V,36,MAE,8359027.0,0.0,True,0.057784127881272074,0.05501333718069202,0.0027707907005800544
U-Net 1V,U-Net 5V,12,RMSE,16696146.0,1.8621579624698396e-21,True,0.1039823100116836,0.09484746664541238,0.009134843366271225
U-Net 1V,U-Net 5V,12,MAE,16285966.0,1.9914940887075558e-29,True,0.051199289843991094,0.04626873196175609,0.004930557882235002
U-Net 1V,U-Net 5V,18,RMSE,15852651.0,2.7775235225246514e-39,True,0.10936326565394866,0.09894194809638363,0.010421317557565035
U-Net 1V,U-Net 5V,18,MAE,15725218.0,1.8375888192903128e-42,True,0.053431931055003545,0.04785349607188731,0.005578434983116234
U-Net 1V,U-Net 5V,24,RMSE,15776877.0,3.7027650429805297e-41,True,0.11365233796617419,0.10507777420981781,0.008574563756356374
U-Net 1V,U-Net 5V,24,MAE,15680903.0,1.344779776092348e-43,True,0.05518050529181172,0.05041442155328209,0.004766083738529631
U-Net 1V,U-Net 5V,30,RMSE,15351310.0,1.5754296857588514e-52,True,0.11678180936959778,0.11179452604143204,0.00498728332816574
U-Net 1V,U-Net 5V,30,MAE,15292856.0,3.342534384416004e-54,True,0.05788156311962844,0.05284566621183631,0.005035896907792131
U-Net 1V,U-Net 5V,36,RMSE,15824432.0,5.63144707195218e-40,True,0.11834198691615216,0.11658280174205207,0.001759185174100092
U-Net 1V,U-Net 5V,36,MAE,15591830.0,6.2998923621627205e-46,True,0.05808779418343712,0.05501333718069202,0.0030744570027450985
